Reference,,,,,,,,,
1,"Abati, J., Aghzer, A.M., Gerdes, A. & Ennih, N. 2012. Insights on the crustal evolution of the West African Craton from Hf isotopes in detrital zircons from the Anti-Atlas belt. Precambrian Research 212-213(0), 263-274.",,,,,,,,
2,"Amelin, Y., Lee, D.-C., Halliday, A. & Pidgeon, R. 1999. Nature of the EarthÕs earliest crust from hafnium isotopes in single detrital zircons. Nature 399, 252-255.",,,,,,,,
3,"Anfinson, O.A., Leier, A.L., Gaschnig, R., Embry, A.F. & Dewing, K. 2012. U-Pb and Hf isotopic data from Franklinian Basin strata: insights into the nature of Crockerland and the timing of accretion, Canadian Arctic Islands. Canadian Journal of Earth Sciences 49(11), 1316-1328.",,,,,,,,
4,"Augustsson, C., Munker, C., Bahlburg, H. & Fanning, C.M. 2006. Provenance of late Palaeozoic metasediments of the SW South American Gondwana margin: a combined U-Pb and Hf-isotope study of single detrital zircons. Journal of the Geological Society 163(6), 983-995.",,,,,,,,
5,"Avigad, D., Gerdes, a., Morag, N. & Bechst_dt, T. 2012. Coupled U-Pb-Hf of detrital zircons of Cambrian sandstones from Morocco and Sardinia: Implications for provenance and Precambrian crustal evolution of North Africa. Gondwana Research 21(2-3), 690-703.",,,,,,,,
6,"Bahlburg, H., Vervoort, J.D., Du Frane, S.A., Bock, B., Augustsson, C. & Reimann, C. 2009. Timing of crust formation and recycling in accretionary orogens: Insights learned from the western margin of South America. Earth-Science Reviews 97(1-4), 215-241.",,,,,,,,
7,"Bahlburg, H., Vervoort, J.D. & DuFrane, S.A. 2010. Plate tectonic significance of Middle Cambrian and Ordovician siliciclastic rocks of the Bavarian Facies, Armorican Terrane Assemblage, Germany Ñ U-Pb and Hf isotope evidence from detrital zircons. Gondwana Research 17(2-3), 223-235.",,,,,,,,
8,"Bahlburg, H., Vervoort, J.D., Andrew DuFrane, S., Carlotto, V., Reimann, C. & C‡rdenas, J. 2011. The U-Pb and Hf isotope evidence of detrital zircons of the Ordovician Ollantaytambo Formation, southern Peru, and the Ordovician provenance and paleogeography of southern Peru and northern Bolivia. Journal of South American Earth Sciences 32(3), 196-209.",,,,,,,,
9,"Batumike, J.M., OÕReilly, S.Y., Griffin, W.L. & Belousova, E. a. 2007. U-Pb and Hf-isotope analyses of zircon from the Kundelungu Kimberlites, D.R. Congo: Implications for crustal evolution. Precambrian Research 156(3-4), 195-225.",,,,,,,,
10,"Belousova, E.A., Reid, A.J., Griffin, W.L. & OÕReilly, S.Y. 2009. Rejuvenation vs. recycling of Archean crust in the Gawler Craton, South Australia: Evidence from U-Pb and Hf isotopes in detrital zircon. Lithos 113(3-4), 570-582.",,,,,,,,
11,"Belousova, E.A., Kostitsyn, Y.A., Griffin, W.L., Begg, G.C., OÕReilly, S.Y. & Pearson, N.J. 2010. The growth of the continental crust: Constraints from zircon Hf-isotope data. Lithos 119(3-4), 457-466.",,,,,,,,
12,"Beranek, L.P., Pease, V., Scott, R.A. & Thomsen, T.B. 2013. Detrital zircon geochronology of Ediacaran to Cambrian deep-water strata of the Franklinian basin, northern Ellesmere Island, Nunavut: implications for regional stratigraphic correlations. Canadian Journal of Earth Sciences 50(10), 1007-1018.",,,,,,,,
13,"Bierlein, F.P., Black, L.P., Hergt, J. & Mark, G. 2008. Evolution of Pre-1.8&#xa0;Ga basement rocks in the western Mt Isa Inlier, northeastern AustraliaÑInsights from SHRIMP U-Pb dating and in-situ Lu-Hf analysis of zircons. Precambrian Research 163(1-2), 159-173.",,,,,,,,
14,"Bingen, B., Griffin, W.L., Torsvik, T.H. & Saeed, A. 2005. Timing of Late Neoproterozoic glaciation on Baltica constrained by detrital zircon geochronology in the Hedmark Group, south-east Norway. Terra Nova 17(3), 250-258.",,,,,,,,
15,"Blichert-Toft, J. & Albarède, F. 2008. Hafnium isotopes in Jack Hills zircons and the formation of the Hadean crust. Earth and Planetary Science Letters 265(3-4), 686-702.",,,,,,,,
16,"Bodet, F. & Sch_rer, U. 2000. Evolution of the SE-Asian continent from U-Pb and Hf isotopes in single grains of zircon and baddeleyite from large rivers. Geochimica et Cosmochimica Acta 64(12), 2067-2091.",,,,,,,,
17,"Cai, K., Sun, M., Yuan, C., Zhao, G., Xiao, W., Long, X. & Wu, F. 2011. Prolonged magmatism, juvenile nature and tectonic evolution of the Chinese Altai, NW China: Evidence from zircon U-Pb and Hf isotopic study of Paleozoic granitoids. Journal of Asian Earth Sciences 42(5), 949-968.",,,,,,,,
18,"Chen, F., Li, X.-H., Wang, X.-L., Li, Q.-L. & Siebel, W. 2007. Zircon age and Nd-Hf isotopic composition of the Yunnan Tethyan belt, southwestern China. International Journal of Earth Sciences 96(6), 1179-1194.",,,,,,,,
19,"Chen, N., Gong, S., Sun, M., Li, X., Xia, X., Wang, Q., Wu, F. & Xu, P. 2009. Precambrian evolution of the Quanji Block, northeastern margin of Tibet: Insights from zircon U-Pb and Lu-Hf isotope compositions. Journal of Asian Earth Sciences 35(3-4), 367-376.",,,,,,,,
20,"Chen, N., Zhang, L., Sun, M., Wang, Q. & Kusky, T.M. 2012. U-Pb and Hf isotopic compositions of detrital zircons from the paragneisses of the Quanji Massif, NW China: Implications for its early tectonic evolutionary history. Journal of Asian Earth Sciences 54-55(0), 110-130.",,,,,,,,
21,"Choulet, F., Cluzel, D., Faure, M., Lin, W., Wang, B., Chen, Y., Wu, F.-Y. & Ji, W. 2012. New constraints on the pre-Permian continental crust growth of Central Asia (West Junggar, China) by U-Pb and Hf isotopic data from detrital zircon. Terra Nova 24(3), 189-198.",,,,,,,,
22,"Chu, M.-F., Chung, S.-L., Song, B., Liu, D., OÕReilly, S.Y., Pearson, N.J., Ji, J. & Wen, D.-J. 2006. Zircon U-Pb and Hf isotope constraints on the Mesozoic tectonics and crustal evolution of southern Tibet. Geology 34 (9 ), 745-748.",,,,,,,,
23,"Chu, M.-F., Chung, S.-L., OÕReilly, S.Y., Pearson, N.J., Wu, F.-Y., Li, X.-H., Liu, D., Ji, J., Chu, C.-H. & Lee, H.-Y. 2011. IndiaÕs hidden inputs to Tibetan orogeny revealed by Hf isotopes of Transhimalayan zircons and host rocks. Earth and Planetary Science Letters 307(3-4), 479-486.",,,,,,,,
24,"Condie, K.C., Beyer, E., Belousova, E., Griffin, W.L. & OÕReilly, S.Y. 2005. U-Pb isotopic ages and Hf isotopic composition of single zircons: The search for juvenile Precambrian continental crust. Precambrian Research 139(1-2), 42-100.",,,,,,,,
25,"Dan, W., Li, X.-H., Guo, J., Liu, Y. & Wang, X.-C. 2012. Paleoproterozoic evolution of the eastern Alxa Block, westernmost North China: Evidence from in situ zircon U-Pb dating and Hf-O isotopes. Gondwana Research 21(4), 838-864.",,,,,,,,
26,"Deng, J., Wang, Q., Yang, S., Liu, X., Zhang, Q., Yang, L. & Yang, Y. 2010. Genetic relationship between the Emeishan plume and the bauxite deposits in Western Guangxi, China: Constraints from U-Pb and Lu-Hf isotopes of the detrital zircons in bauxite ores. Journal of Asian Earth Sciences 37(5-6), 412-424.",,,,,,,,
27,"Dhuime, B., Hawkesworth, C.J., Cawood, P. a & Storey, C.D. 2012. A change in the geodynamics of continental growth 3 billion years ago. Science (New York, N.Y.) 335(6074), 1334-6.",,,,,,,,
28,"Diwu, C., Sun, Y., Yuan, H., Wang, H., Zhong, X. & Liu, X. 2008. U-Pb ages and Hf isotopes for detrital zircons from quartzite in the Paleoproterozoic Songshan Group on the southwestern margin of the North China Craton. Chinese Science Bulletin 53(18), 2828-2839.",,,,,,,,
29,"Diwu, C., Sun, Y., Lin, C. & Wang, H. 2010. LA-(MC)-ICPMS U-Pb zircon geochronology and Lu-Hf isotope compositions of the Taihua complex on the southern margin of the North China Craton. Chinese Science Bulletin 55(23), 2557-2571.",,,,,,,,
30,"Diwu, C., Sun, Y., Guo, A., Wang, H. & Liu, X. 2011. Crustal growth in the North China Craton at ~2.5 Ga: Evidence from in situ zircon U-Pb ages, Hf isotopes and whole-rock geochemistry of the Dengfeng complex. Gondwana Research 20(1), 149-170.",,,,,,,,
31,"Dong, Y., Liu, X., Santosh, M., Zhang, X., Chen, Q., Yang, C. & Yang, Z. 2011. Neoproterozoic subduction tectonics of the northwestern Yangtze Block in South China: Constrains from zircon U-Pb geochronology and geochemistry of mafic intrusions in the Hannan Massif. Precambrian Research 189(1-2), 66-90.",,,,,,,,
32,"Du, L., Yang, C., Guo, J., Wang, W., Ren, L., Wan, Y. & Geng, Y. 2010. The age of the base of the paleoproterozoic Hutuo Group in the Wutai Mountains area, North China Craton: SHRIMP zircon U-Pb dating of basaltic andesite. Chinese Science Bulletin 55(17), 1782-1789.",,,,,,,,
33,"Duan, L., Meng, Q.-R., Zhang, C.-L. & Liu, X.-M. 2011. Tracing the position of the South China block in Gondwana: U-Pb ages and Hf isotopes of Devonian detrital zircons. Gondwana Research 19(1), 141-149.",,,,,,,,
34,"Flowerdew, M.J., Millar, I.L., Curtis, M.L., Vaughan, A.P.M., Horstwood, M.S.A., Whitehouse, M.J. & Fanning, C.M. 2007. Combined U-Pb geochronology and Hf isotope geochemistry of detrital zircons from early Paleozoic sedimentary rocks, Ellsworth-Whitmore Mountains block, Antarctica. Geological Society of America Bulletin 119 (3-4 ), 275-288.",,,,,,,,
35,"Geng, Y., Du, L. & Ren, L. 2012. Growth and reworking of the early Precambrian continental crust in the North China Craton: Constraints from zircon Hf isotopes. Gondwana Research 21(2-3), 517-529.",,,,,,,,
36,"Gerdes, A. & Zeh, A. 2006. Combined U-Pb and Hf isotope LA-(MC-)ICP-MS analyses of detrital zircons: Comparison with SHRIMP and new constraints for the provenance and age of an Armorican metasediment in Central Germany. Earth and Planetary Science Letters 249(1-2), 47-61.",,,,,,,,
37,"Gerdes, A. & Zeh, A. 2009. Zircon formation versus zircon alteration Ñ New insights from combined U-Pb and Lu-Hf in-situ LA-ICP-MS analyses, and consequences for the interpretation of Archean zircon from the Central Zone of the Limpopo Belt. Chemical Geology 261(3-4), 230-243.",,,,,,,,
38,"Goodge, J.W., Vervoort, J.D., Fanning, C.M., Brecke, D.M., Farmer, G.L., Williams, I.S., Myrow, P.M. & DePaolo, D.J. 2008. A Positive Test of East Antarctica-Laurentia Juxtaposition Within the Rodinia Supercontinent. Science 321 (5886 ), 235-240.",,,,,,,,
39,"Grew, E.S., Carson, C.J., Christy, A.G., Maas, R., Yaxley, G.M., Boger, S.D. & Fanning, C.M. 2012. New constraints from U-Pb, Lu-Hf and Sm-Nd isotopic data on the timing of sedimentation and felsic magmatism in the Larsemann Hills, Prydz Bay, East Antarctica. Precambrian Research 206-207(0), 87-108.",,,,,,,,
40,"Griffin, W.L., Belousova, E.A., Shee, S.R., Pearson, N.J. & OÕReilly, S.Y. 2004. Archean crustal evolution in the northern Yilgarn Craton: U-Pb and Hf-isotope evidence from detrital zircons. Precambrian Research 131(3-4), 231-282.",,,,,,,,
41,"Griffin, W.L., Pearson, N.J., Belousova, E.A. & Saeed, A. 2006. Comment: Hf-isotope heterogeneity in zircon 91500. Chemical Geology 233(3-4), 358-363.",,,,,,,,
42,"Guangwei, L., Xiaohan, L., Alex, P., Lijie, W., Xiaobing, L., Feixin, H. & Xuejun, Z. 2010. In-situ detrital zircon geochronology and Hf isotopic analyses from Upper Triassic Tethys sequence strata. Earth and Planetary Science Letters 297(3-4), 461-470.",,,,,,,,
43,"Guo, L., Zhang, H.-F., Harris, N., Pan, F.-B. & Xu, W.-C. 2011. Origin and evolution of multi-stage felsic melts in eastern Gangdese belt: Constraints from U-Pb zircon dating and Hf isotopic composition. Lithos 127(1-2), 54-67.",,,,,,,,
44,"Guo, L., Zhang, H.-F., Harris, N., Parrish, R., Xu, W.-C. & Shi, Z.-L. 2012. Paleogene crustal anatexis and metamorphism in Lhasa terrane, eastern Himalayan syntaxis: Evidence from U-Pb zircon ages and Hf isotopic compositions of the Nyingchi Complex. Gondwana Research 21(1), 100-111.",,,,,,,,
45,"Harrison, T.M., Blichert-Toft, J., Müller, W., Albarede, F., Holden, P. & Mojzsis, S.J. 2005. Heterogeneous Hadean Hafnium: Evidence of Continental Crust at 4.4 to 4.5 Ga. Science 310 (5756 ), 1947-1950.",,,,,,,,
46,"Harrison, T.M., Schmitt, A.K., McCulloch, M.T. & Lovera, O.M. 2008. Early ~4.5 Ga formation of terrestrial crust: Lu-Hf, _18O, and Ti thermometry results for Hadean zircons. Earth and Planetary Science Letters 268(3-4), 476-486.",,,,,,,,
47,"Hauser, N., Matteini, M., Omarini, R.H. & Pimentel, M.M. 2011. Combined U-Pb and Lu-Hf isotope data on turbidites of the Paleozoic basement of NW Argentina and petrology of associated igneous rocks: Implications for the tectonic evolution of western Gondwana between 560 and 460&#xa0;Ma. Gondwana Research 19(1), 100-127.",,,,,,,,
48,"Hawkesworth, C.J. & Kemp, A.I.S. 2006. Using hafnium and oxygen isotopes in zircons to unravel the record of crustal evolution. Chemical Geology 226(3-4), 144-162.",,,,,,,,
49,"Van Hoang, L., Wu, F.-Y., Clift, P.D., Wysocka, A. & Swierczewska, A. 2009. Evaluating the evolution of the Red River system based on in situ U-Pb dating and Hf isotope analysis of zircons. Geochemistry, Geophysics, Geosystems 10(11), Q11008.",,,,,,,,
50,"Howard, K.E., Hand, M., Barovich, K.M., Reid, A., Wade, B.P. & Belousova, E.A. 2009. Detrital zircon ages: Improving interpretation via Nd and Hf isotopic data. Chemical Geology 262(3-4), 277-292.",,,,,,,,
51,"Hu, B., Zhai, M., Li, T., Li, Z., Peng, P., Guo, J. & Kusky, T.M. 2012. Mesoproterozoic magmatic events in the eastern North China Craton and their tectonic implications: Geochronological evidence from detrital zircons in the Shandong Peninsula and North Korea. Gondwana Research 22(3-4), 828-842.",,,,,,,,
52,"Hu, X., Jansa, L., Chen, L., Griffin, W.L., OÕReilly, S.Y. & Wang, J. 2010. Provenance of Lower Cretaceous W_long Volcaniclastics in the Tibetan Tethyan Himalaya: Implications for the final breakup of Eastern Gondwana. Sedimentary Geology 223(3-4), 193-205.",,,,,,,,
53,"Huang, X.-L., Xu, Y.-G., Li, X.-H., Li, W.-X., Lan, J.-B., Zhang, H.-H., Liu, Y.-S., Wang, Y.-B., Li, H.-Y., Luo, Z.-Y. & Yang, Q.-J. 2008. Petrogenesis and tectonic implications of Neoproterozoic, highly fractionated A-type granites from Mianning, South China. Precambrian Research 165(3-4), 190-204.",,,,,,,,
54,"Huang, X.-L., Niu, Y., Xu, Y.-G., Yang, Q.-J. & Zhong, J.-W. 2010. Geochemistry of TTG and TTG-like gneisses from Lushan-Taihua complex in the southern North China Craton: Implications for late Archean crustal accretion. Precambrian Research 182(1-2), 43-56.",,,,,,,,
55,"Iizuka, T., Komiya, T., Rino, S., Maruyama, S. & Hirata, T. 2010. Detrital zircon evidence for Hf isotopic evolution of granitoid crust and continental growth. Geochimica et Cosmochimica Acta 74(8), 2450-2472.",,,,,,,,
56,"Ji, W.-Q., Wu, F.-Y., Chung, S.-L., Li, J.-X. & Liu, C.-Z. 2009. Zircon U-Pb geochronology and Hf isotopic constraints on petrogenesis of the Gangdese batholith, southern Tibet. Chemical Geology 262(3-4), 229-245.",,,,,,,,
57,"Kaur, P., Zeh, A., Chaudhri, N., Gerdes, A. & Okrusch, M. 2011. Archaean to Palaeoproterozoic crustal evolution of the Aravalli mountain range, NW India, and its hinterland: The U-Pb and Hf isotope record of detrital zircon. Precambrian Research 187(1-2), 155-164.",,,,,,,,
58,"Kaur, P., Zeh, A., Chaudhri, N., Gerdes, A. & Okrusch, M. 2013. Nature of magmatism and sedimentation at a Columbia active margin: Insights from combined U-Pb and Lu-Hf isotope data of detrital zircons from NW India. Gondwana Research 23(3), 1040-1052.",,,,,,,,
59,"Kemp, A.I.S., Hawkesworth, C.J., Paterson, B.A. & Kinny, P.D. 2006. Episodic growth of the Gondwana supercontinent from hafnium and oxygen isotopes in zircon. Nature 439(7076), 580-583.",,,,,,,,
60,"Kemp, A.I.S., Hawkesworth, C.J., Foster, G.L., Paterson, B.A., Woodhead, J.D., Hergt, J.M., Gray, C.M. & Whitehouse, M.J. 2007. Magmatic and Crustal Differentiation History of Granitic Rocks from Hf-O Isotopes in Zircon. Science 315 (5814 ), 980-983.",,,,,,,,
61,"Kemp, A.I.S., Foster, G.L., Scherstén, A., Whitehouse, M.J., Darling, J. & Storey, C. 2009. Concurrent Pb-Hf isotope analysis of zircon by laser ablation multi-collector ICP-MS, with implications for the crustal evolution of Greenland and the Himalayas. Chemical Geology 261(3-4), 244-260.",,,,,,,,
62,"Kirkland, C.L., Spaggiari, C. V, Pawley, M.J., Wingate, M.T.D., Smithies, R.H., Howard, H.M., Tyler, I.M., Belousova, E.A. & Poujol, M. 2011. On the edge: U-Pb, Lu-Hf, and Sm-Nd data suggests reworking of the Yilgarn craton margin during formation of the Albany-Fraser Orogen. Precambrian Research 187(3-4), 223-247.",,,,,,,,
63,"Kovach, V., Salnikova, E., Wang, K.-L., Jahn, B.-M., Chiu, H.-Y., Reznitskiy, L., Kotov, A., Iizuka, Y. & Chung, S.-L. 2013. Zircon ages and Hf isotopic constraints on sources of clastic metasediments of the Slyudyansky high-grade complex, southeastern Siberia: Implication for continental growth and evolution of the Central Asian Orogenic Belt. Journal of Asian Earth Sciences 62(0), 18-36.",,,,,,,,
64,"Kr_ner, A., Santosh, M. & Wong, J. 2012. Zircon ages and Hf isotopic systematics reveal vestiges of Mesoproterozoic to Archaean crust within the late Neoproterozoic-Cambrian high-grade terrain of southernmost India. Gondwana Research 21(4), 876-886.",,,,,,,,
65,"Kuznetsov, N.B., Natapov, L.M., Belousova, E.A., O`Reilly, S.Y. & Griffin, W.L. 2010. Geochronological, geochemical and isotopic study of detrital zircon suites from late Neoproterozoic clastic strata along the NE margin of the East European Craton: Implications for plate tectonic models. Gondwana Research 17(2-3), 583-601.",,,,,,,,
66,"Lancaster, P.J., Storey, C.D., Hawkesworth, C.J. & Dhuime, B. 2011. Understanding the roles of crustal growth and preservation in the detrital zircon record. Earth and Planetary Science Letters 305(3-4), 405-412.",,,,,,,,
67,"Li, D., Chen, Y., Wang, Z., Hou, K. & Liu, C. 2011a. Detrital zircon U-Pb ages, Hf isotopes and tectonic implications for Palaeozoic sedimentary rocks from the Xing-Meng orogenic belt, middle-east part of inner Mongolia, China. Geological Journal 46(1), 63-81.",,,,,,,,
68,"Li, H.-Y., He, B., Xu, Y.-G. & Huang, X.-L. 2010. U-Pb and Hf isotope analyses of detrital zircons from Late Paleozoic sediments: Insights into interactions of the North China Craton with surrounding plates. Journal of Asian Earth Sciences 39(5), 335-346.",,,,,,,,
69,"Li, L.-M., Sun, M., Wang, Y., Xing, G., Zhao, G., He, Y., He, K. & Zhang, A. 2011b. U-Pb and Hf isotopic study of detrital zircons from the meta-sedimentary rocks in central Jiangxi Province, South China: Implications for the Neoproterozoic tectonic evolution of South China Block. Journal of Asian Earth Sciences 41(1), 44-55.",,,,,,,,
70,"Li, X.-H., Li, Z.-X., He, B., Li, W.-X., Li, Q.-L., Gao, Y. & Wang, X.-C. 2012. The Early Permian active continental margin and crustal growth of the Cathaysia Block: In situ U-Pb, Lu-Hf and O isotope analyses of detrital zircons. Chemical Geology 328(0), 195-207.",,,,,,,,
71,"Liu, C., Zhao, G., Sun, M., Zhang, J., He, Y., Yin, C., Wu, F. & Yang, J. 2011a. U-Pb and Hf isotopic study of detrital zircons from the Hutuo group in the Trans-North China Orogen and tectonic implications. Gondwana Research 20(1), 106-121.",,,,,,,,
72,"Liu, C., Zhao, G., Sun, M., Wu, F., Yang, J., Yin, C. & Leung, W.H. 2011b. U-Pb and Hf isotopic study of detrital zircons from the Yejishan Group of the Lüliang Complex: Constraints on the timing of collision between the Eastern and Western Blocks, North China Craton. Sedimentary Geology 236(1-2), 129-140.",,,,,,,,
73,"Liu, C., Zhao, G., Sun, M., Zhang, J., Yin, C. & He, Y. 2012a. Detrital zircon U-Pb dating, Hf isotopes and whole-rock geochemistry from the Songshan Group in the Dengfeng Complex: Constraints on the tectonic evolution of the Trans-North China Orogen. Precambrian Research 192-195(0), 1-15.",,,,,,,,
74,"Liu, C., Zhao, G., Liu, F., Sun, M., Zhang, J. & Yin, C. 2012b. Zircons U-Pb and Lu-Hf isotopic and whole-rock geochemical constraints on the Gantaohe Group in the Zanhuang Complex: Implications for the tectonic evolution of the Trans-North China Orogen. Lithos 146-147(0), 80-92.",,,,,,,,
75,"Liu, F., Gerdes, A. & Liu, P. 2012. U-Pb, trace element and Lu-Hf properties of unique dissolution-reprecipitation zircon from UHP eclogite in SW Sulu terrane, eastern China. Gondwana Research 22(1), 169-183.",,,,,,,,
76,"Liu, X., Gao, S., Diwu, C. & Ling, W. 2008. Precambrian crustal growth of Yangtze Craton as revealed by detrital zircon studies. American Journal of Science 308 (4 ), 421-468.",,,,,,,,
77,"Liu, Y., Gao, S., Hu, Z., Gao, C., Zong, K. & Wang, D. 2010. Continental and Oceanic Crust Recycling-induced Melt-Peridotite Interactions in the Trans-North China Orogen: U-Pb Dating, Hf Isotopes and Trace Elements in Zircons from Mantle Xenoliths. Journal of Petrology 51 (1-2 ), 537-571.",,,,,,,,
78,"Long, X., Yuan, C., Sun, M., Xiao, W., Zhao, G., Wang, Y., Cai, K., Xia, X. & Xie, L. 2010. Detrital zircon ages and Hf isotopes of the early Paleozoic flysch sequence in the Chinese Altai, NW China: New constrains on depositional age, provenance and tectonic evolution. Tectonophysics 480(1-4), 213-231.",,,,,,,,
79,"Luo, Y., Sun, M., Zhao, G., Li, S., Ayers, J.C., Xia, X. & Zhang, J. 2008. A comparison of U-Pb and Hf isotopic compositions of detrital zircons from the North and South Liaohe Groups: Constraints on the evolution of the Jiao-Liao-Ji Belt, North China Craton. Precambrian Research 163(3-4), 279-306.",,,,,,,,
80,"Ma, X., Shu, L., Jahn, B.-M., Zhu, W. & Faure, M. 2012. Precambrian tectonic evolution of Central Tianshan, NW China: Constraints from U-Pb dating and in situ Hf isotopic analysis of detrital zircons. Precambrian Research 222-223(0), 450-473.",,,,,,,,
81,"Meng, E., Xu, W.-L., Pei, F.-P., Yang, D.-B., Wang, F. & Zhang, X.-Z. 2011. Permian bimodal volcanism in the Zhangguangcai Range of eastern Heilongjiang Province, NE China: Zircon U-Pb-Hf isotopes and geochemical evidence. Journal of Asian Earth Sciences 41(2), 119-132.",,,,,,,,
82,"Meng, F., Gao, S., Yuan, H. & Gong, H. 2010. Permian-Triassic (260-220 Ma) crustal growth of Eastern Central Asian orogenic belt as revealed by detrital zircon studies. American Journal of Science 310 (5 ), 364-404.",,,,,,,,
83,"Mi_kovi_, A. & Schaltegger, U. 2009. Crustal growth along a non-collisional cratonic margin: A Lu-Hf isotopic survey of the Eastern Cordilleran granitoids of Peru. Earth and Planetary Science Letters 279(3-4), 303-315.",,,,,,,,
84,"Morag, N., Avigad, D., Gerdes, A., Belousova, E. & Harlavan, Y. 2011. Crustal evolution and recycling in the northern Arabian-Nubian Shield: New perspectives from zircon Lu-Hf and U-Pb systematics. Precambrian Research 186(1-4), 101-116.",,,,,,,,
85,"Murgulov, V., Beyer, E., Griffin, W.L., OÕReilly, S.Y., Walters, S.G. & Stephens, D. 2007. Crustal evolution in the Georgetown Inlier, North Queensland, Australia: a detrital zircon grain study. Chemical Geology 245(3-4), 198-218.",,,,,,,,
86,"Peng, M., Wu, Y., Gao, S., Zhang, H., Wang, J., Liu, X., Gong, H., Zhou, L., Hu, Z., Liu, Y. & Yuan, H. 2012. Geochemistry, zircon U-Pb age and Hf isotope compositions of Paleoproterozoic aluminous A-type granites from the Kongling terrain, Yangtze Block: Constraints on petrogenesis and geologic implications. Gondwana Research 22(1), 140-151.",,,,,,,,
87,"Petersson, A. 2010. Zircon U-Pb, Hf and O isotope constraints on the growth versus recycling of continental crust in the Grenville orogen, Ohio, USA.p.",,,,,,,,
88,"Phillips, G., Landenberger, B. & Belousova, E.A. 2011. Building the New England Batholith, eastern AustraliaÑLinking granite petrogenesis with geodynamic setting using Hf isotopes in zircon. Lithos 122(1-2), 1-12.",,,,,,,,
89,"Pietranik, a. B., Hawkesworth, C.J., Storey, C.D., Kemp, a. I.S., Sircombe, K.N., Whitehouse, M.J. & Bleeker, W. 2008. Episodic, mafic crust formation from 4.5 to 2.8 Ga: New evidence from detrital zircons, Slave craton, Canada. Geology 36(11), 875.",,,,,,,,
90,"Portner, R.A., Daczko, N.R., Murphy, M.J. & Pearson, N.J. 2011. Enriching mantle melts within a dying mid-ocean spreading ridge: Insights from Hf-isotope and trace element patterns in detrital oceanic zircon. Lithos 126(3-4), 355-368.",,,,,,,,
91,"Qi, X., Zeng, L., Zhu, L., Hu, Z. & Hou, K. 2012. Zircon U-Pb and Lu-Hf isotopic systematics of the Daping plutonic rocks: Implications for the Neoproterozoic tectonic evolution of the northeastern margin of the Indochina block, Southwest China. Gondwana Research 21(1), 180-193.",,,,,,,,
92,"Ravikant, V., Wu, F.-Y. & Ji, W.-Q. 2011. U-Pb age and Hf isotopic constraints of detrital zircons from the Himalayan foreland Subathu sub-basin on the Tertiary palaeogeography of the Himalaya. Earth and Planetary Science Letters 304(3-4), 356-368.",,,,,,,,
93,"R¯hr, T.S., Andersen, T. & Dypvik, H. 2008. Provenance of Lower Cretaceous sediments in the Wandel Sea Basin, North Greenland. Journal of the Geological Society 165 (3 ), 755-767.",,,,,,,,
94,"Sevastjanova, I., Clements, B., Hall, R., Belousova, E. a., Griffin, W.L. & Pearson, N. 2011. Granitic magmatism, basement ages, and provenance indicators in the Malay Peninsula: Insights from detrital zircon U-Pb and Hf-isotope data. Gondwana Research 19(4), 1024-1039.",,,,,,,,
95,"Shi, Y., Liu, D., Miao, L., Zhang, F., Jian, P., Zhang, W., Hou, K. & Xu, J. 2010. Devonian A-type granitic magmatism on the northern margin of the North China Craton: SHRIMP U-Pb zircon dating and Hf-isotopes of the Hongshan granite at Chifeng, Inner Mongolia, China. Gondwana Research 17(4), 632-641.",,,,,,,,
96,"Shi, Y., Wilde, S.A., Zhao, X., Ma, Y., Du, L. & Liu, D. 2012. Late Neoarchean magmatic and subsequent metamorphic events in the northern North China Craton: SHRIMP zircon dating and Hf isotopes of Archean rocks from Yunmengshan Geopark, Miyun, Beijing. Gondwana Research 21(4), 785-800.",,,,,,,,
97,"Shu, L.-S., Faure, M., Yu, J.-H. & Jahn, B.-M. 2011. Geochronological and geochemical features of the Cathaysia block (South China): New evidence for the Neoproterozoic breakup of Rodinia. Precambrian Research 187(3-4), 263-276.",,,,,,,,
98,"Spencer, C.J., Hoiland, C.W., Harris, R.A., Link, P.K. & Balgord, E.A. 2012. Constraining the timing and provenance of the Neoproterozoic Little Willow and Big Cottonwood Formations, Utah: Expanding the sedimentary record for early rifting of Rodinia. Precambrian Research 204-205, 57-65.",,,,,,,,
99,"Spencer, C.J., Harris, R. a. & Dorais, M.J. 2012. Depositional provenance of the Himalayan metamorphic core of Garhwal region, India: Constrained by U-Pb and Hf isotopes in zircons. Gondwana Research 22(1), 26-35.",,,,,,,,
100,"Su, B.-X., Qin, K.-Z., Sakyi, P.A., Li, X.-H., Yang, Y.-H., Sun, H., Tang, D.-M., Liu, P.-P., Xiao, Q.-H. & Malaviarachchi, S.P.K. 2011. U-Pb ages and Hf-O isotopes of zircons from Late Paleozoic mafic-ultramafic units in the southern Central Asian Orogenic Belt: Tectonic implications and evidence for an Early-Permian mantle plume. Gondwana Research 20(2-3), 516-531.",,,,,,,,
101,"Sun, W.-H., Zhou, M.-F., Gao, J.-F., Yang, Y.-H., Zhao, X.-F. & Zhao, J.-H. 2009. Detrital zircon U-Pb geochronological and Lu-Hf isotopic constraints on the Precambrian magmatic and crustal evolution of the western Yangtze Block, SW China. Precambrian Research 172(1-2), 99-126.",,,,,,,,
102,"Teixeira, R.J.S., Neiva, A.M.R., Silva, P.B., Gomes, M.E.P., Andersen, T. & Ramos, J.M.F. 2011. Combined U-Pb geochronology and Lu-Hf isotope systematics by LAM-ICPMS of zircons from granites and metasedimentary rocks of Carrazeda de Ansi‹es and Sabugal areas, Portugal, to constrain granite sources. Lithos 125(1-2), 321-334.",,,,,,,,
103,"Tunik, M., Folguera, A., Naipauer, M., Pimentel, M. & Ramos, V.A. 2010. Early uplift and orogenic deformation in the Neuquén Basin: Constraints on the Andean uplift from U-Pb and Hf isotopic data of detrital zircons. Tectonophysics 489(1-4), 258-273.",,,,,,,,
104,"Turkina, O.M., Berezhnaya, N.G., Lepekhina, E.N. & Kapitonov, I.N. 2012. U-Pb (SHRIMP II), Lu-Hf isotope and trace element geochemistry of zircons from high-grade metamorphic rocks of the Irkut terrane, Sharyzhalgay Uplift: Implications for the Neoarchaean evolution of the Siberian Craton. Gondwana Research 21(4), 801-817.",,,,,,,,
105,"Upadhyay, D., Gerdes, A. & Raith, M.M. 2009. Unraveling Sedimentary Provenance and Tectonothermal History of High_Temperature Metapelites, Using Zircon and Monazite Chemistry: A Case Study from the Eastern Ghats Belt, India. The Journal of Geology 117(6), 665-683.",,,,,,,,
106,"Usuki, T., Lan, C.-Y., Wang, K.-L. & Chiu, H.-Y. 2013. Linking the Indochina block and Gondwana during the Early Paleozoic: Evidence from U-Pb ages and Hf isotopes of detrital zircons. Tectonophysics 586(0), 145-159.",,,,,,,,
107,"Veevers, J.J. & Saeed, A. 2009. Permian-Jurassic Mahanadi and Pranhita-Godavari Rifts of Gondwana India: Provenance from regional paleoslope and U-Pb/Hf analysis of detrital zircons. Gondwana Research 16(3-4), 633-654.",,,,,,,,
108,"Veevers, J.J., Belousova, E.A., Saeed, A., Sircombe, K., Cooper, A.F. & Read, S.E. 2006. Pan-Gondwanaland detrital zircons from Australia analysed for Hf-isotopes and trace elements reflect an ice-covered Antarctic provenance of 700-500 Ma age, TDM of 2.0-1.0 Ga, and alkaline affinity. Earth-Science Reviews 76(3-4), 135-174.",,,,,,,,
109,"Veevers, J.J., Saeed, A. & OÕBrien, P.E. 2008. Provenance of the Gamburtsev Subglacial Mountains from U-Pb and Hf analysis of detrital zircons in Cretaceous to Quaternary sediments in Prydz Bay and beneath the Amery Ice Shelf. Sedimentary Geology 211(1-2), 12-32.",,,,,,,,
110,"Wan, Y., Liu, D., Wang, S., Yang, E., Wang, W., Dong, C., Zhou, H., Du, L., Yang, Y. & Diwu, C. 2011a. _2.7&#xa0;Ga juvenile crust formation in the North China Craton (Taishan-Xintai area, western Shandong Province): Further evidence of an understated event from U-Pb dating and Hf isotopic composition of zircon. Precambrian Research 186(1-4), 169-180.",,,,,,,,
111,"Wan, Y., Liu, D., Wang, W., Song, T., Kr_ner, A., Dong, C., Zhou, H. & Yin, X. 2011b. Provenance of Meso- to Neoproterozoic cover sediments at the Ming Tombs, Beijing, North China Craton: An integrated study of U-Pb dating and Hf isotopic measurement of detrital zircons and whole-rock geochemistry. Gondwana Research 20(1), 219-242.",,,,,,,,
112,"Wang, C.Y., Campbell, I.H., Allen, C.M., Williams, I.S. & Eggins, S.M. 2009. Rate of growth of the preserved North American continental crust: Evidence from Hf and O isotopes in Mississippi detrital zircons. Geochimica et Cosmochimica Acta 73(3), 712-728.",,,,,,,,
113,"Wang, L., Yu, J., OÕReilly, S.Y., Griffin, W.L., Sun, T., Wei, Z., Jiang, S. & Shu, L. 2008. Grenvillian orogeny in the Southern Cathaysia Block: Constraints from U-Pb ages and Lu-Hf isotopes in zircon from metamorphic basement. Chinese Science Bulletin 53(19), 3037-3050.",,,,,,,,
114,"Wang, L.-J., Griffin, W.L., Yu, J.-H. & OÕReilly, S.Y. 2010. Precambrian crustal evolution of the Yangtze Block tracked by detrital zircons from Neoproterozoic sedimentary rocks. Precambrian Research 177(1-2), 131-144.",,,,,,,,
115,"Wang, W., Liu, S., Bai, X., Yang, P., Li, Q. & Zhang, L. 2011a. Geochemistry and zircon U-Pb-Hf isotopic systematics of the Neoarchean Yixian-Fuxin greenstone belt, northern margin of the North China Craton: Implications for petrogenesis and tectonic setting. Gondwana Research 20(1), 64-81.",,,,,,,,
116,"Wang, W., Zhou, M.-F., Yan, D.-P. & Li, J.-W. 2012a. Depositional age, provenance, and tectonic setting of the Neoproterozoic Sibao Group, southeastern Yangtze Block, South China. Precambrian Research 192-195(0), 107-124.",,,,,,,,
117,"Wang, X.-C., Li, X., Li, Z.-X., Li, Q., Tang, G.-Q., Gao, Y.-Y., Zhang, Q.-R. & Liu, Y. 2012b. Episodic Precambrian crust growth: Evidence from U-Pb ages and Hf-O isotopes of zircon in the Nanhua Basin, central South China. Precambrian Research 222-223(0), 386-403.",,,,,,,,
118,"Wang, Y., Zhang, A., Fan, W., Zhao, G., Zhang, G., Zhang, Y., Zhang, F. & Li, S. 2011b. Kwangsian crustal anatexis within the eastern South China Block: Geochemical, zircon U-Pb geochronological and Hf isotopic fingerprints from the gneissoid granites of Wugong and Wuyi-Yunkai Domains. Lithos 127(1-2), 239-260.",,,,,,,,
119,"Weber, B., Scherer, E.E., Schulze, C., Valencia, V. a., Montecinos, P., Mezger, K. & Ruiz, J. 2010. U-Pb and Lu-Hf isotope systematics of lower crust from central-southern Mexico - Geodynamic significance of Oaxaquia in a Rodinia Realm. Precambrian Research 182(1-2), 149-162.",,,,,,,,
120,"Willner, A.P., Gerdes, A. & Massonne, H.-J. 2008. History of crustal growth and recycling at the Pacific convergent margin of South America at latitudes 29¡-36¡ S revealed by a U-Pb and Lu-Hf isotope study of detrital zircon from late Paleozoic accretionary systems. Chemical Geology 253(3-4), 114-129.",,,,,,,,
121,"Wu, F.-Y., Yang, J.-H., Wilde, S.A., Liu, X.-M., Guo, J.-H. & Zhai, M.-G. 2007. Detrital zircon U-Pb and Hf isotopic constraints on the crustal evolution of North Korea. Precambrian Research 159(3-4), 155-177.",,,,,,,,
122,"Wu, F.-Y., Clift, P.D. & Yang, J.-H. 2007. Zircon Hf isotopic constraints on the sources of the Indus Molasse, Ladakh Himalaya, India. Tectonics 26(2), TC2014.",,,,,,,,
123,"Wu, F.-Y., Ji, W.-Q., Liu, C.-Z. & Chung, S.-L. 2010. Detrital zircon U-Pb and Hf isotopic data from the Xigaze fore-arc basin: Constraints on Transhimalayan magmatic evolution in southern Tibet. Chemical Geology 271(1-2), 13-25.",,,,,,,,
124,"Xia, Q.-X., Zheng, Y.-F., Yuan, H. & Wu, F.-Y. 2009. Contrasting Lu-Hf and U-Th-Pb isotope systematics between metamorphic growth and recrystallization of zircon from eclogite-facies metagranites in the Dabie orogen, China. Lithos 112(3-4), 477-496.",,,,,,,,
125,"Xia, X., Sun, M., Zhao, G., Wu, F., Xu, P., Zhang, J. & Luo, Y. 2006. U-Pb and Hf isotopic study of detrital zircons from the Wulashan khondalites: Constraints on the evolution of the Ordos Terrane, Western Block of the North China Craton. Earth and Planetary Science Letters 241(3-4), 581-593.",,,,,,,,
126,"Xia, X., Sun, M., Zhao, G., Wu, F., Xu, P., Zhang, J. & He, Y. 2008. Paleoproterozoic crustal growth in the Western Block of the North China Craton: Evidence from detrital zircon Hf and whole rock Sr-nd isotopic compositions of the Khondalites from the Jining Complex. American Journal of Science 308 (3 ), 304-327.",,,,,,,,
127,"Xia, X., Sun, M.I.N., Zhao, G., Wu, F. & Xie, L. 2009. U-Pb and Hf isotopic study of detrital zircons from the Lüliang khondalite, North China Craton, and their tectonic implications. Geological Magazine 146(05), 701-716.",,,,,,,,
128,"Xiao, Y., Zhang, H., Shi, J., Su, B., Sakyi, P.A., Lu, X., Hu, Y. & Zhang, Z. 2011. Late Paleozoic magmatic record of East Junggar, NW China and its significance: Implication from zircon U-Pb dating and Hf isotope. Gondwana Research 20(2-3), 532-542.",,,,,,,,
129,"Xie, G., Mao, J. & Zhao, H. 2011. Zircon U-Pb geochronological and Hf isotopic constraints on petrogenesis of Late Mesozoic intrusions in the southeast Hubei Province, Middle-Lower Yangtze River belt (MLYRB), East China. Lithos 125(1-2), 693-710.",,,,,,,,
130,"Xu, Y.-G., Yang, Q.-J., Lan, J.-B., Luo, Z.-Y., Huang, X.-L., Shi, Y.-R. & Xie, L.-W. 2012. Temporal-spatial distribution and tectonic implications of the batholiths in the Gaoligong-Tengliang-Yingjiang area, western Yunnan: Constraints from zircon U-Pb ages and Hf isotopes. Journal of Asian Earth Sciences 53(0), 151-175.",,,,,,,,
131,"Xu, Y.-G., Luo, Z.-Y., Huang, X.-L., He, B., Xiao, L., Xie, L.-W. & Shi, Y.-R. 2008. Zircon U-Pb and Hf isotope constraints on crustal melting associated with the Emeishan mantle plume. Geochimica et Cosmochimica Acta 72(13), 3084-3104.",,,,,,,,
132,"Yang, J., Gao, S., Chen, C., Tang, Y., Yuan, H., Gong, H., Xie, S. & Wang, J. 2009. Episodic crustal growth of North China as revealed by U-Pb age and Hf isotopes of detrital zircons from modern rivers. Geochimica et Cosmochimica Acta 73(9), 2660-2673.",,,,,,,,
133,"Yang, J.-H., Wu, F.-Y., Shao, J.-A., Wilde, S.A., Xie, L.-W. & Liu, X.-M. 2006. Constraints on the timing of uplift of the Yanshan Fold and Thrust Belt, North China. Earth and Planetary Science Letters 246(3-4), 336-352.",,,,,,,,
134,"Yang, P., Liu, S., LI, Q., Zhang, F., Wang, Z., Wang, D., Wang, R., Yan, Q. & Yan, Z. 2011. Ages of the Laocheng Granitoids and Crustal Growth in the South Qinling Tectonic Domain, Central China: Zircon U-Pb and Lu-Hf Isotopic Constraints. Acta Geologica Sinica - English Edition 85(4), 854-869.",,,,,,,,
135,"Yao, J., Shu, L. & Santosh, M. 2011. Detrital zircon U-Pb geochronology, Hf-isotopes and geochemistryÑNew clues for the Precambrian crustal evolution of Cathaysia Block, South China. Gondwana Research 20(2-3), 553-567.",,,,,,,,
136,"Yao, J., Shu, L., Santosh, M. & Li, J. 2013. Geochronology and Hf isotope of detrital zircons from Precambrian sequences in the eastern Jiangnan Orogen: Constraining the assembly of Yangtze and Cathaysia Blocks in South China. Journal of Asian Earth Sciences 74(0), 225-243.",,,,,,,,
137,"Yin, C., Zhao, G., Guo, J., Sun, M., Xia, X., Zhou, X. & Liu, C. 2011. U-Pb and Hf isotopic study of zircons of the Helanshan Complex: Constrains on the evolution of the Khondalite Belt in the Western Block of the North China Craton. Lithos 122(1-2), 25-38.",,,,,,,,
138,"Yin, Q.-Z., Wimpenny, J., Tollstrup, D.L., Mange, M., Dewey, J.F., Zhou, Q., Li, X.-H., Wu, F.-Y., Li, Q.-L., Liu, Y. & Tang, G.-Q. 2012. Crustal evolution of the South Mayo Trough, western Ireland, based on U-Pb ages and Hf-O isotopes in detrital zircons. Journal of the Geological Society 169 (6 ), 681-689.",,,,,,,,
139,"Ying, J.-F., Zhang, H.-F. & Tang, Y.-J. 2011. Crust-mantle interaction in the central North China Craton during the Mesozoic: Evidence from zircon U-Pb chronology, Hf isotope and geochemistry of syenitic-monzonitic intrusions from Shanxi province. Lithos 125(1-2), 449-462.",,,,,,,,
140,"Yu, J., OÕReilly, S., Wang, L. & Griffin, W. 2008a. Where was South China in the Rodinia supercontinent?: Evidence from U-Pb geochronology and Hf isotopes of detrital zircons. Precambrian É.",,,,,,,,
141,"Yu, J.-H., OÕReilly, S.Y., Wang, L., Griffin, W.L., Zhang, M., Wang, R., Jiang, S. & Shu, L. 2008b. Where was South China in the Rodinia supercontinent?: Evidence from U-Pb geochronology and Hf isotopes of detrital zircons. Precambrian Research 164(1-2), 1-15.",,,,,,,,
142,"Zeh, A. & Gerdes, A. 2010. Baltica- and Gondwana-derived sediments in the Mid-German Crystalline Rise (Central Europe): Implications for the closure of the Rheic ocean. Gondwana Research 17(2-3), 254-263.",,,,,,,,
143,"Zeh, A., Gerdes, A., Klemd, R. & Barton Jr., J.M. 2008. U-Pb and Lu-Hf isotope record of detrital zircon grains from the Limpopo Belt - Evidence for crustal recycling at the Hadean to early-Archean transition. Geochimica et Cosmochimica Acta 72(21), 5304-5329.",,,,,,,,
144,"Zeh, A., Gerdes, A. & Heubeck, C. 2013. U-Pb and Hf isotope data of detrital zircons from the Barberton Greenstone Belt: constraints on provenance and Archaean crustal evolution. Journal of the Geological Society 170 (1 ), 215-223.",,,,,,,,
145,"Zhang, H.-F., Ying, J.-F., Tang, Y.-J., Li, X.-H., Feng, C. & Santosh, M. 2011. Phanerozoic reactivation of the Archean North China Craton through episodic magmatism: Evidence from zircon U-Pb geochronology and Hf isotopes from the Liaodong Peninsula. Gondwana Research 19(2), 446-459.",,,,,,,,
146,"Zhang, S.-B., Zheng, Y.-F., Wu, Y.-B., Zhao, Z.-F., Gao, S. & Wu, F.-Y. 2006a. Zircon U-Pb age and Hf-O isotope evidence for Paleoproterozoic metamorphic event in South China. Precambrian Research 151(3-4), 265-288.",,,,,,,,
147,"Zhang, S.-B., Zheng, Y.-F., Wu, Y.-B., Zhao, Z.-F., Gao, S. & Wu, F.-Y. 2006b. Zircon U-Pb age and Hf isotope evidence for 3.8 Ga crustal remnant and episodic reworking of Archean crust in South China. Earth and Planetary Science Letters 252(1-2), 56-71.",,,,,,,,
148,"Zheng, Y.-F., Zhao, Z.-F., Wu, Y.-B., Zhang, S.-B., Liu, X. & Wu, F.-Y. 2006. Zircon U-Pb age, Hf and O isotope constraints on protolith origin of ultrahigh-pressure eclogite and gneiss in the Dabie orogen. Chemical Geology 231(1-2), 135-158.",,,,,,,,
149,"Zhou, J.-B., Wilde, S.A., Liu, F.-L. & Han, J. 2012. Zircon U-Pb and Lu-Hf isotope study of the Neoproterozoic Haizhou Group in the Sulu orogen: Provenance and tectonic implications. Lithos 136-139(0), 261-281.",,,,,,,,
150,"Zhou, J.-C., Wang, X.-L. & Qiu, J.-S. 2009. Geochronology of Neoproterozoic mafic rocks and sandstones from northeastern Guizhou, South China: Coeval arc magmatism and sedimentation. Precambrian Research 170(1-2), 27-42.",,,,,,,,
151,"Zhu, D.-C., Zhao, Z.-D., Niu, Y., Dilek, Y. & Mo, X.-X. 2011a. Lhasa terrane in southern Tibet came from Australia. Geology 39 (8 ), 727-730.",,,,,,,,
152,"Zhu, X.-Y., Chen, F., Li, S.-Q., Yang, Y.-Z., Nie, H., Siebel, W. & Zhai, M.-G. 2011b. Crustal evolution of the North Qinling terrain of the Qinling Orogen, China: Evidence from detrital zircon U-Pb ages and Hf isotopic composition. Gondwana Research 20(1), 194-204.",,,,,,,,
153,"ZHU, Y., GUO, X., SONG, B., ZHANG, L. & GU, L. 2009. Petrology, Sr-Nd-Hf isotopic geochemistry and zircon chronology of the Late Palaeozoic volcanic rocks in the southwestern Tianshan Mountains, Xinjiang, NW China. Journal of the Geological Society 166 (6 ), 1085-1099.",,,,,,,,
154,"Kemp, A.I.S., Hawkesworth, C.J., Collins, W.J., Gray, C.M., Blevin, P.L., EIMF, 2009. Isotopic evidence for rapid continental growth in an extensional accretionary orogen: The Tasmanides, eastern Australia. Earth and Planetary Science Letters, v. 284, p. 455-466.",,,,,,,,
154,"Liu, F., Guo, J., Lu, X. & Diwu, C. 2009. Crustal growth at _2.5 Ga in the North China Craton: evidence from whole-rock Nd and zircon Hf isotopes in the HuaiÕan gneiss terrane. Chinese Science Bulletin 54(24), 4704-4713.",,,,,,,,
155,"Zeh, A. & Gerdes, A. 2012. U-Pb and Hf isotope record of detrital zircons from gold-bearing sediments of the Pietersburg Greenstone Belt (South Africa)ÑIs there a common provenance with the Witwatersrand Basin? Precambrian Research 204-205, 46-56.",,,,,,,,
156,"Zeh, A., Jaguin, J., Poujol, M., Boulvais, P., Block, S. & Paquette, J.-L. 2013. Juvenile crust formation in the northeastern Kaapvaal Craton at 2.97GaÑImplications for Archean terrane accretion, and the source of the Pietersburg gold. Precambrian Research 233, 20-43.",,,,,,,,
157,"Koglin, N., Zeh, A., Frimmel, H.E. & Gerdes, A. 2010. New constraints on the auriferous Witwatersrand sediment provenance from combined detrital zircon U - Pb and Lu - Hf isotope data for the Eldorado Reef ( Central Rand Group , South Africa). Precambrian Research 183(4), 817-824.",,,,,,,,
158,"Zeh, A., Gerdes, A. & Heubeck, C. 2013. U-Pb and Hf isotope data of detrital zircons from the Barberton Greenstone Belt: constraints on provenance and Archaean crustal evolution. Journal of the Geological Society 170(1), 215-223.",,,,,,,,
159,"Naeraa, T., Scherstén, A., Rosing, M.T., Kemp, A.I.S., Hoffmann, J.E. Kokfelt, T.F. & Whitehouse M. J. 2012. Hafnium isotope evidence for a transition in the dynamics of continental growth 3.2_Gyr ago. Nature 485, 627-630, doi:10.1038/nature11140.",,,,,,,,
160,"Kemp, A.I.S., Wilde, S.A., Hawkesworth, C.J., Coath, C.D., Nemchin, A., Pidgeon, R.T., Vervoort, J.D. & DuFrane, S.A. 2010. Hadean crustal evolution revisited: New constraints from Pb-Hf isotope systematics of the Jack Hills zircons. Earth and Planetary Science Letters 296(1-2), 45-56.",,,,,,,,
161,"Nebel-Jacobsen, Y., Münker, C., Nebel, O., Gerdes, a., Mezger, K. & Nelson, D.R. 2010. Reworking of EarthÕs first crust: Constraints from Hf isotopes in Archean zircons from Mt. Narryer, Australia. Precambrian Research 182(3), 175-186.",,,,,,,,
162,"Amelin, Y., Lee, D. & Halliday, A. 2000. Early-middle Archaean crustal evolution deduced from Lu-Hf and U-Pb isotopic studies of single zircon grains. Geochimica et Cosmochimica Acta 64(24), 4205-4225.",,,,,,,,
163,"Wu, F.-Y., Zhang, Y.-B., Yang, J.-H., Xie, L.-W. & Yang, Y.-H. 2008. Zircon U-Pb and Hf isotopic constraints on the Early Archean crustal evolution in Anshan of the North China Craton. Precambrian Research 167(3-4), 339-362.",,,,,,,,
164,"Hiess, J., Bennett, V. C., Nutman, A. P. & Williams, I. S. In situ U-Pb, O and Hf isotopic compositions of zircon and olivine from Eoarchaean rocks, West Greenland: new insights to making old crust. Geochim. Cosmochim. Acta 73, 4489-4516 (2009).",,,,,,,,
165,"Zeh, A., Stern, R.A., & Gerdes, A. 2014. The oldest zircons of Africa - Their U-Pb-Hf_O isotope and trace element systematics, and implications for Hadean to Archean crust-mantle evolution. Precambrian Research, 241, 203-230.",,,,,,,,
166,"Guitreau, M., Blichert-Toft, J., Martin, H., Mojzsis, S.J., Albarede, F., Hafnium isotope evidence from Archean granitic rocks for deep-mantle origin of continental crust. Earth and Planetary Science Letters, 337-338, 211-223.",,,,,,,,
